Instance,Terminal,Layer,X location,Y location,Voltage
FILLER_12_299,VDD,Metal1,149.7600,64.2600,1.199959
FILLER_12_288,VDD,Metal1,145.6890,63.6610,1.199961
FILLER_12_281,VDD,Metal1,142.3290,63.6610,1.199961
FILLER_12_274,VDD,Metal1,138.9690,63.6610,1.199962
FILLER_12_267,VDD,Metal1,135.6090,63.6610,1.199962
FILLER_12_249,VDD,Metal1,125.5200,64.2600,1.199974
FILLER_12_242,VDD,Metal1,123.6090,63.6610,1.199974
FILLER_12_235,VDD,Metal1,120.2490,63.6610,1.199975
FILLER_12_230,VDD,Metal1,116.4000,64.2600,1.199982
FILLER_12_226,VDD,Metal1,115.2110,63.6630,1.199984
FILLER_12_219,VDD,Metal1,112.5690,63.6610,1.199985
FILLER_12_214,VDD,Metal1,108.7200,64.2600,1.199992
FILLER_12_207,VDD,Metal1,106.8090,63.6610,1.199993
FILLER_12_200,VDD,Metal1,103.4490,63.6610,1.199994
FILLER_12_193,VDD,Metal1,100.0890,63.6610,1.199995
FILLER_12_186,VDD,Metal1,96.7290,63.6610,1.199996
FILLER_12_179,VDD,Metal1,93.3690,63.6610,1.199997
FILLER_12_171,VDD,Metal1,88.0800,64.2600,1.199994
FILLER_12_164,VDD,Metal1,86.1690,63.6610,1.199994
FILLER_12_157,VDD,Metal1,82.8090,63.6610,1.199993
FILLER_12_150,VDD,Metal1,79.4490,63.6610,1.199993
FILLER_12_146,VDD,Metal1,76.0800,64.2600,1.199992
FILLER_12_139,VDD,Metal1,74.1690,63.6610,1.199992
FILLER_12_133,VDD,Metal1,70.0800,64.2600,1.199991
FILLER_12_129,VDD,Metal1,68.6510,63.6630,1.199991
FILLER_12_122,VDD,Metal1,66.0090,63.6610,1.199991
FILLER_12_118,VDD,Metal1,62.6400,64.2600,1.199990
FILLER_12_114,VDD,Metal1,61.4510,63.6630,1.199990
FILLER_12_107,VDD,Metal1,58.8090,63.6610,1.199990
FILLER_12_91,VDD,Metal1,49.9200,64.2600,1.199992
FILLER_12_87,VDD,Metal1,48.4910,63.6630,1.199993
FILLER_12_80,VDD,Metal1,45.8490,63.6610,1.199993
FILLER_12_73,VDD,Metal1,42.4890,63.6610,1.199993
FILLER_12_66,VDD,Metal1,39.1290,63.6610,1.199994
FILLER_12_59,VDD,Metal1,35.7690,63.6610,1.199994
FILLER_12_54,VDD,Metal1,31.9200,64.2600,1.199997
FILLER_12_47,VDD,Metal1,30.0090,63.6610,1.199997
FILLER_12_40,VDD,Metal1,26.6490,63.6610,1.199997
FILLER_12_33,VDD,Metal1,23.2890,63.6610,1.199998
FILLER_12_26,VDD,Metal1,19.9290,63.6610,1.199998
FILLER_12_19,VDD,Metal1,16.5690,63.6610,1.199998
FILLER_12_8,VDD,Metal1,11.2890,63.6610,1.199995
FILLER_11_307,VDD,Metal1,153.6000,56.7000,1.199984
FILLER_11_303,VDD,Metal1,152.1710,57.2960,1.199984
FILLER_11_296,VDD,Metal1,149.5290,57.2980,1.199984
FILLER_11_289,VDD,Metal1,146.1690,57.2980,1.199984
FILLER_11_251,VDD,Metal1,126.4800,56.7000,1.199988
FILLER_11_244,VDD,Metal1,124.5690,57.2980,1.199988
FILLER_11_206,VDD,Metal1,104.8800,56.7000,1.199990
FILLER_11_199,VDD,Metal1,102.9690,57.2980,1.199990
FILLER_11_171,VDD,Metal1,88.0800,56.7000,1.199989
FILLER_11_79,VDD,Metal1,43.9200,56.7000,1.199986
FILLER_11_77,VDD,Metal1,43.2000,56.7000,1.199986
FILLER_11_70,VDD,Metal1,40.3310,57.2960,1.199986
FILLER_11_63,VDD,Metal1,37.6890,57.2980,1.199987
FILLER_11_56,VDD,Metal1,34.3290,57.2980,1.199989
FILLER_11_49,VDD,Metal1,30.9690,57.2980,1.199991
FILLER_11_42,VDD,Metal1,27.6090,57.2980,1.199992
FILLER_11_35,VDD,Metal1,24.2490,57.2980,1.199994
FILLER_11_28,VDD,Metal1,20.8890,57.2980,1.199996
FILLER_11_21,VDD,Metal1,17.5290,57.2980,1.199997
FILLER_11_14,VDD,Metal1,14.1690,57.2980,1.199997
FILLER_11_7,VDD,Metal1,10.8090,57.2980,1.199997
FILLER_11_0,VDD,Metal1,7.4490,57.2980,1.199997
FILLER_10_307,VDD,Metal1,153.6000,56.7000,1.199984
FILLER_10_303,VDD,Metal1,152.1710,56.1030,1.199984
FILLER_10_296,VDD,Metal1,149.5290,56.1010,1.199984
FILLER_10_289,VDD,Metal1,146.1690,56.1010,1.199984
FILLER_10_255,VDD,Metal1,129.1310,56.1030,1.199987
FILLER_10_224,VDD,Metal1,113.5200,56.7000,1.199989
FILLER_10_222,VDD,Metal1,112.8000,56.7000,1.199989
FILLER_10_188,VDD,Metal1,96.2400,56.7000,1.199992
FILLER_10_181,VDD,Metal1,94.3290,56.1010,1.199992
FILLER_10_164,VDD,Metal1,85.4510,56.1030,1.199987
FILLER_10_157,VDD,Metal1,82.8090,56.1010,1.199987
FILLER_10_142,VDD,Metal1,74.4000,56.7000,1.199985
FILLER_10_135,VDD,Metal1,72.2490,56.1010,1.199985
FILLER_10_128,VDD,Metal1,68.8890,56.1010,1.199985
FILLER_10_116,VDD,Metal1,61.9200,56.7000,1.199986
FILLER_10_109,VDD,Metal1,59.7690,56.1010,1.199986
FILLER_10_102,VDD,Metal1,56.4090,56.1010,1.199986
FILLER_10_70,VDD,Metal1,39.8400,56.7000,1.199986
FILLER_10_63,VDD,Metal1,37.6890,56.1010,1.199987
FILLER_10_56,VDD,Metal1,34.3290,56.1010,1.199989
FILLER_10_49,VDD,Metal1,30.9690,56.1010,1.199991
FILLER_10_42,VDD,Metal1,27.6090,56.1010,1.199992
FILLER_10_35,VDD,Metal1,24.2490,56.1010,1.199994
FILLER_10_28,VDD,Metal1,20.8890,56.1010,1.199996
FILLER_10_21,VDD,Metal1,17.5290,56.1010,1.199997
FILLER_10_14,VDD,Metal1,14.1690,56.1010,1.199997
FILLER_10_7,VDD,Metal1,10.8090,56.1010,1.199997
FILLER_10_0,VDD,Metal1,7.4490,56.1010,1.199997
FILLER_9_298,VDD,Metal1,150.4890,49.7380,1.199982
FILLER_9_291,VDD,Metal1,147.1290,49.7380,1.199982
FILLER_9_284,VDD,Metal1,143.7690,49.7380,1.199982
FILLER_9_277,VDD,Metal1,140.4090,49.7380,1.199982
FILLER_9_270,VDD,Metal1,137.0490,49.7380,1.199982
FILLER_9_263,VDD,Metal1,133.6890,49.7380,1.199982
FILLER_9_256,VDD,Metal1,130.3290,49.7380,1.199983
FILLER_9_249,VDD,Metal1,126.9690,49.7380,1.199983
FILLER_9_242,VDD,Metal1,123.6090,49.7380,1.199983
FILLER_9_235,VDD,Metal1,120.2490,49.7380,1.199983
FILLER_9_230,VDD,Metal1,116.4000,49.1400,1.199983
FILLER_9_228,VDD,Metal1,115.6800,49.1400,1.199983
FILLER_9_214,VDD,Metal1,109.4510,49.7360,1.199991
FILLER_9_207,VDD,Metal1,106.8090,49.7380,1.199992
FILLER_9_195,VDD,Metal1,99.8400,49.1400,1.199992
FILLER_9_191,VDD,Metal1,98.4110,49.7360,1.199992
FILLER_9_184,VDD,Metal1,95.7690,49.7380,1.199993
FILLER_9_177,VDD,Metal1,92.4090,49.7380,1.199991
FILLER_9_160,VDD,Metal1,84.2490,49.7380,1.199988
FILLER_9_153,VDD,Metal1,80.8890,49.7380,1.199981
FILLER_9_138,VDD,Metal1,72.2400,49.1400,1.199967
FILLER_9_136,VDD,Metal1,71.5200,49.1400,1.199965
FILLER_9_132,VDD,Metal1,69.3600,49.1400,1.199964
FILLER_9_130,VDD,Metal1,68.6400,49.1400,1.199964
FILLER_9_123,VDD,Metal1,66.4890,49.7380,1.199964
FILLER_9_116,VDD,Metal1,63.1290,49.7380,1.199964
FILLER_9_109,VDD,Metal1,59.7690,49.7380,1.199964
FILLER_9_102,VDD,Metal1,56.4090,49.7380,1.199964
FILLER_9_67,VDD,Metal1,38.1600,49.1400,1.199963
FILLER_9_60,VDD,Metal1,36.2490,49.7380,1.199963
FILLER_9_55,VDD,Metal1,32.4000,49.1400,1.199963
FILLER_9_53,VDD,Metal1,31.6800,49.1400,1.199963
FILLER_9_46,VDD,Metal1,29.5290,49.7380,1.199984
FILLER_9_39,VDD,Metal1,26.1690,49.7380,1.199989
FILLER_9_32,VDD,Metal1,22.8090,49.7380,1.199993
FILLER_9_25,VDD,Metal1,19.4490,49.7380,1.199998
FILLER_9_18,VDD,Metal1,16.0890,49.7380,1.199997
FILLER_9_11,VDD,Metal1,12.7290,49.7380,1.199996
FILLER_9_4,VDD,Metal1,9.3690,49.7380,1.199996
FILLER_8_308,VDD,Metal1,153.8400,49.1400,1.199982
FILLER_8_304,VDD,Metal1,152.6510,48.5430,1.199982
FILLER_8_297,VDD,Metal1,150.0090,48.5410,1.199982
FILLER_8_290,VDD,Metal1,146.6490,48.5410,1.199982
FILLER_8_283,VDD,Metal1,143.2890,48.5410,1.199982
FILLER_8_276,VDD,Metal1,139.9290,48.5410,1.199982
FILLER_8_269,VDD,Metal1,136.5690,48.5410,1.199982
FILLER_8_262,VDD,Metal1,133.2090,48.5410,1.199983
FILLER_8_255,VDD,Metal1,129.8490,48.5410,1.199983
FILLER_8_217,VDD,Metal1,110.1600,49.1400,1.199991
FILLER_8_215,VDD,Metal1,109.4400,49.1400,1.199991
FILLER_8_184,VDD,Metal1,94.3200,49.1400,1.199993
FILLER_8_177,VDD,Metal1,92.4090,48.5410,1.199991
FILLER_8_170,VDD,Metal1,89.0490,48.5410,1.199990
FILLER_8_163,VDD,Metal1,85.6890,48.5410,1.199988
FILLER_8_156,VDD,Metal1,82.3290,48.5410,1.199981
FILLER_8_126,VDD,Metal1,66.4800,49.1400,1.199964
FILLER_8_124,VDD,Metal1,65.7600,49.1400,1.199964
FILLER_8_117,VDD,Metal1,63.6090,48.5410,1.199964
FILLER_8_110,VDD,Metal1,60.2490,48.5410,1.199964
FILLER_8_103,VDD,Metal1,56.8890,48.5410,1.199964
FILLER_8_98,VDD,Metal1,53.2800,49.1400,1.199963
FILLER_8_94,VDD,Metal1,51.8510,48.5430,1.199963
FILLER_8_88,VDD,Metal1,48.2400,49.1400,1.199963
FILLER_8_86,VDD,Metal1,47.5200,49.1400,1.199963
FILLER_8_79,VDD,Metal1,45.3690,48.5410,1.199963
FILLER_8_42,VDD,Metal1,27.6090,48.5410,1.199989
FILLER_8_35,VDD,Metal1,24.2490,48.5410,1.199993
FILLER_8_28,VDD,Metal1,20.8890,48.5410,1.199998
FILLER_8_21,VDD,Metal1,17.5290,48.5410,1.199997
FILLER_8_14,VDD,Metal1,14.1690,48.5410,1.199996
FILLER_8_7,VDD,Metal1,10.8090,48.5410,1.199996
FILLER_8_0,VDD,Metal1,7.4490,48.5410,1.199995
FILLER_7_303,VDD,Metal1,151.6800,41.5800,1.199977
FILLER_7_296,VDD,Metal1,149.5290,42.1780,1.199977
FILLER_7_289,VDD,Metal1,146.1690,42.1780,1.199977
FILLER_7_282,VDD,Metal1,142.8090,42.1780,1.199977
FILLER_7_275,VDD,Metal1,139.4490,42.1780,1.199977
FILLER_7_268,VDD,Metal1,136.0890,42.1780,1.199978
FILLER_7_261,VDD,Metal1,132.7290,42.1780,1.199978
FILLER_7_254,VDD,Metal1,129.3690,42.1780,1.199978
FILLER_7_247,VDD,Metal1,126.0090,42.1780,1.199978
FILLER_7_240,VDD,Metal1,122.6490,42.1780,1.199978
FILLER_7_233,VDD,Metal1,119.2890,42.1780,1.199979
FILLER_7_228,VDD,Metal1,115.6800,41.5800,1.199979
FILLER_7_221,VDD,Metal1,113.5290,42.1780,1.199979
FILLER_7_214,VDD,Metal1,110.1690,42.1780,1.199979
FILLER_7_207,VDD,Metal1,106.8090,42.1780,1.199979
FILLER_7_200,VDD,Metal1,103.4490,42.1780,1.199979
FILLER_7_193,VDD,Metal1,100.0890,42.1780,1.199993
FILLER_7_153,VDD,Metal1,79.4400,41.5800,1.199992
FILLER_7_144,VDD,Metal1,75.3600,41.5800,1.199967
FILLER_7_128,VDD,Metal1,67.4400,41.5800,1.199962
FILLER_7_126,VDD,Metal1,66.7200,41.5800,1.199962
FILLER_7_92,VDD,Metal1,50.4000,41.5800,1.199960
FILLER_7_88,VDD,Metal1,48.9710,42.1760,1.199960
FILLER_7_81,VDD,Metal1,46.3290,42.1780,1.199960
FILLER_7_74,VDD,Metal1,42.9690,42.1780,1.199960
FILLER_7_67,VDD,Metal1,39.6090,42.1780,1.199982
FILLER_7_60,VDD,Metal1,36.2490,42.1780,1.199985
FILLER_7_53,VDD,Metal1,31.6800,41.5800,1.199989
FILLER_7_46,VDD,Metal1,29.5290,42.1780,1.199989
FILLER_7_39,VDD,Metal1,26.1690,42.1780,1.199992
FILLER_7_32,VDD,Metal1,22.8090,42.1780,1.199995
FILLER_7_25,VDD,Metal1,19.4490,42.1780,1.199998
FILLER_7_18,VDD,Metal1,16.0890,42.1780,1.199998
FILLER_7_11,VDD,Metal1,12.7290,42.1780,1.199997
FILLER_7_4,VDD,Metal1,9.3690,42.1780,1.199996
FILLER_6_307,VDD,Metal1,153.6000,41.5800,1.199974
FILLER_6_303,VDD,Metal1,152.1710,40.9830,1.199977
FILLER_6_296,VDD,Metal1,149.5290,40.9810,1.199977
FILLER_6_289,VDD,Metal1,146.1690,40.9810,1.199977
FILLER_6_282,VDD,Metal1,142.8090,40.9810,1.199977
FILLER_6_275,VDD,Metal1,139.4490,40.9810,1.199977
FILLER_6_268,VDD,Metal1,136.0890,40.9810,1.199978
FILLER_6_261,VDD,Metal1,132.7290,40.9810,1.199978
FILLER_6_254,VDD,Metal1,129.3690,40.9810,1.199978
FILLER_6_247,VDD,Metal1,126.0090,40.9810,1.199978
FILLER_6_240,VDD,Metal1,122.6490,40.9810,1.199978
FILLER_6_233,VDD,Metal1,119.2890,40.9810,1.199979
FILLER_6_226,VDD,Metal1,115.9290,40.9810,1.199979
FILLER_6_189,VDD,Metal1,96.7200,41.5800,1.199993
FILLER_6_185,VDD,Metal1,95.5310,40.9830,1.199995
FILLER_6_178,VDD,Metal1,92.8890,40.9810,1.199994
FILLER_6_171,VDD,Metal1,89.5290,40.9810,1.199994
FILLER_6_160,VDD,Metal1,84.2490,40.9810,1.199994
FILLER_6_153,VDD,Metal1,80.8890,40.9810,1.199992
FILLER_6_142,VDD,Metal1,75.6090,40.9810,1.199967
FILLER_6_117,VDD,Metal1,63.6090,40.9810,1.199960
FILLER_6_113,VDD,Metal1,60.2400,41.5800,1.199960
FILLER_6_111,VDD,Metal1,59.5200,41.5800,1.199960
FILLER_6_104,VDD,Metal1,57.3690,40.9810,1.199960
FILLER_6_70,VDD,Metal1,40.3310,40.9830,1.199982
FILLER_6_63,VDD,Metal1,37.6890,40.9810,1.199985
FILLER_6_56,VDD,Metal1,34.3290,40.9810,1.199988
FILLER_6_49,VDD,Metal1,30.9690,40.9810,1.199989
FILLER_6_42,VDD,Metal1,27.6090,40.9810,1.199992
FILLER_6_35,VDD,Metal1,24.2490,40.9810,1.199995
FILLER_6_28,VDD,Metal1,20.8890,40.9810,1.199998
FILLER_6_21,VDD,Metal1,17.5290,40.9810,1.199998
FILLER_6_14,VDD,Metal1,14.1690,40.9810,1.199997
FILLER_6_7,VDD,Metal1,10.8090,40.9810,1.199996
FILLER_6_0,VDD,Metal1,7.4490,40.9810,1.199996
FILLER_5_307,VDD,Metal1,153.6000,34.0200,1.199984
FILLER_5_303,VDD,Metal1,152.1710,34.6160,1.199988
FILLER_5_296,VDD,Metal1,149.5290,34.6180,1.199988
FILLER_5_289,VDD,Metal1,146.1690,34.6180,1.199988
FILLER_5_282,VDD,Metal1,142.8090,34.6180,1.199988
FILLER_5_275,VDD,Metal1,139.4490,34.6180,1.199988
FILLER_5_268,VDD,Metal1,136.0890,34.6180,1.199988
FILLER_5_261,VDD,Metal1,132.7290,34.6180,1.199988
FILLER_5_254,VDD,Metal1,129.3690,34.6180,1.199989
FILLER_5_247,VDD,Metal1,126.0090,34.6180,1.199989
FILLER_5_240,VDD,Metal1,122.6490,34.6180,1.199989
FILLER_5_233,VDD,Metal1,119.2890,34.6180,1.199989
FILLER_5_226,VDD,Metal1,115.9290,34.6180,1.199989
FILLER_5_219,VDD,Metal1,112.5690,34.6180,1.199990
FILLER_5_212,VDD,Metal1,109.2090,34.6180,1.199990
FILLER_5_205,VDD,Metal1,105.8490,34.6180,1.199990
FILLER_5_198,VDD,Metal1,101.7710,34.6160,1.199990
FILLER_5_191,VDD,Metal1,99.1290,34.6180,1.199990
FILLER_5_180,VDD,Metal1,93.8490,34.6180,1.199990
FILLER_5_152,VDD,Metal1,78.9600,34.0200,1.199918
FILLER_5_105,VDD,Metal1,56.4000,34.0200,1.199919
FILLER_5_98,VDD,Metal1,54.4890,34.6180,1.199919
FILLER_5_91,VDD,Metal1,51.1290,34.6180,1.199920
FILLER_5_77,VDD,Metal1,43.6910,34.6160,1.199920
FILLER_5_70,VDD,Metal1,41.0490,34.6180,1.199920
FILLER_5_63,VDD,Metal1,37.6890,34.6180,1.199957
FILLER_5_56,VDD,Metal1,34.3290,34.6180,1.199978
FILLER_5_49,VDD,Metal1,30.9690,34.6180,1.199978
FILLER_5_42,VDD,Metal1,27.6090,34.6180,1.199984
FILLER_5_35,VDD,Metal1,24.2490,34.6180,1.199991
FILLER_5_28,VDD,Metal1,20.8890,34.6180,1.199997
FILLER_5_21,VDD,Metal1,17.5290,34.6180,1.199996
FILLER_5_14,VDD,Metal1,14.1690,34.6180,1.199996
FILLER_5_7,VDD,Metal1,10.8090,34.6180,1.199995
FILLER_5_0,VDD,Metal1,7.4490,34.6180,1.199994
FILLER_4_301,VDD,Metal1,151.2110,33.4230,1.199988
FILLER_4_294,VDD,Metal1,148.5690,33.4210,1.199988
FILLER_4_287,VDD,Metal1,145.2090,33.4210,1.199988
FILLER_4_280,VDD,Metal1,141.8490,33.4210,1.199988
FILLER_4_273,VDD,Metal1,138.4890,33.4210,1.199988
FILLER_4_266,VDD,Metal1,135.1290,33.4210,1.199988
FILLER_4_259,VDD,Metal1,131.7690,33.4210,1.199989
FILLER_4_252,VDD,Metal1,128.4090,33.4210,1.199989
FILLER_4_245,VDD,Metal1,125.0490,33.4210,1.199989
FILLER_4_238,VDD,Metal1,121.6890,33.4210,1.199989
FILLER_4_231,VDD,Metal1,118.3290,33.4210,1.199989
FILLER_4_224,VDD,Metal1,114.9690,33.4210,1.199989
FILLER_4_217,VDD,Metal1,111.6090,33.4210,1.199990
FILLER_4_166,VDD,Metal1,85.9200,34.0200,1.199918
FILLER_4_97,VDD,Metal1,52.8000,34.0200,1.199920
FILLER_4_63,VDD,Metal1,36.9710,33.4230,1.199957
FILLER_4_46,VDD,Metal1,29.5290,33.4210,1.199978
FILLER_4_39,VDD,Metal1,26.1690,33.4210,1.199984
FILLER_4_32,VDD,Metal1,22.8090,33.4210,1.199991
FILLER_4_25,VDD,Metal1,19.4490,33.4210,1.199997
FILLER_4_18,VDD,Metal1,16.0890,33.4210,1.199996
FILLER_4_11,VDD,Metal1,12.7290,33.4210,1.199996
FILLER_4_4,VDD,Metal1,9.3690,33.4210,1.199995
FILLER_3_307,VDD,Metal1,153.6000,26.4600,1.199963
FILLER_3_300,VDD,Metal1,151.4490,27.0580,1.199963
FILLER_3_293,VDD,Metal1,148.0890,27.0580,1.199963
FILLER_3_286,VDD,Metal1,144.7290,27.0580,1.199963
FILLER_3_279,VDD,Metal1,141.3690,27.0580,1.199963
FILLER_3_272,VDD,Metal1,138.0090,27.0580,1.199963
FILLER_3_265,VDD,Metal1,134.6490,27.0580,1.199963
FILLER_3_258,VDD,Metal1,131.2890,27.0580,1.199963
FILLER_3_251,VDD,Metal1,127.9290,27.0580,1.199963
FILLER_3_244,VDD,Metal1,124.5690,27.0580,1.199963
FILLER_3_237,VDD,Metal1,121.2090,27.0580,1.199963
FILLER_3_230,VDD,Metal1,117.8490,27.0580,1.199963
FILLER_3_223,VDD,Metal1,114.4890,27.0580,1.199964
FILLER_3_216,VDD,Metal1,111.1290,27.0580,1.199964
FILLER_3_209,VDD,Metal1,107.7690,27.0580,1.199964
FILLER_3_202,VDD,Metal1,104.4090,27.0580,1.199964
FILLER_3_195,VDD,Metal1,101.0490,27.0580,1.199964
FILLER_3_190,VDD,Metal1,97.4400,26.4600,1.199971
FILLER_3_185,VDD,Metal1,94.8000,26.4600,1.199987
FILLER_3_178,VDD,Metal1,92.8890,27.0580,1.199971
FILLER_3_91,VDD,Metal1,49.9200,26.4600,1.199911
FILLER_3_87,VDD,Metal1,48.4910,27.0560,1.199918
FILLER_3_51,VDD,Metal1,30.4800,26.4600,1.199956
FILLER_3_49,VDD,Metal1,29.7600,26.4600,1.199972
FILLER_3_42,VDD,Metal1,27.6090,27.0580,1.199972
FILLER_3_35,VDD,Metal1,24.2490,27.0580,1.199978
FILLER_3_28,VDD,Metal1,20.8890,27.0580,1.199985
FILLER_3_21,VDD,Metal1,17.5290,27.0580,1.199990
FILLER_3_14,VDD,Metal1,14.1690,27.0580,1.199990
FILLER_3_7,VDD,Metal1,10.8090,27.0580,1.199990
FILLER_3_0,VDD,Metal1,7.4490,27.0580,1.199990
FILLER_2_308,VDD,Metal1,153.8400,26.4600,1.199963
FILLER_2_304,VDD,Metal1,152.6510,25.8630,1.199963
FILLER_2_297,VDD,Metal1,150.0090,25.8610,1.199963
FILLER_2_290,VDD,Metal1,146.6490,25.8610,1.199963
FILLER_2_283,VDD,Metal1,143.2890,25.8610,1.199963
FILLER_2_276,VDD,Metal1,139.9290,25.8610,1.199963
FILLER_2_269,VDD,Metal1,136.5690,25.8610,1.199963
FILLER_2_262,VDD,Metal1,133.2090,25.8610,1.199963
FILLER_2_255,VDD,Metal1,129.8490,25.8610,1.199963
FILLER_2_250,VDD,Metal1,126.0000,26.4600,1.199963
FILLER_2_246,VDD,Metal1,124.8110,25.8630,1.199963
FILLER_2_239,VDD,Metal1,122.1690,25.8610,1.199963
FILLER_2_232,VDD,Metal1,118.8090,25.8610,1.199963
FILLER_2_225,VDD,Metal1,115.4490,25.8610,1.199963
FILLER_2_218,VDD,Metal1,112.0890,25.8610,1.199964
FILLER_2_211,VDD,Metal1,108.7290,25.8610,1.199964
FILLER_2_204,VDD,Metal1,105.3690,25.8610,1.199964
FILLER_2_170,VDD,Metal1,87.6000,26.4600,1.199971
FILLER_2_159,VDD,Metal1,82.5600,26.4600,1.199971
FILLER_2_132,VDD,Metal1,69.6000,26.4600,1.199971
FILLER_2_94,VDD,Metal1,51.3600,26.4600,1.199909
FILLER_2_82,VDD,Metal1,45.3600,26.4600,1.199941
FILLER_2_80,VDD,Metal1,44.6400,26.4600,1.199941
FILLER_2_49,VDD,Metal1,29.5200,26.4600,1.199972
FILLER_2_42,VDD,Metal1,27.6090,25.8610,1.199972
FILLER_2_35,VDD,Metal1,24.2490,25.8610,1.199978
FILLER_2_28,VDD,Metal1,20.8890,25.8610,1.199985
FILLER_2_21,VDD,Metal1,17.5290,25.8610,1.199990
FILLER_2_14,VDD,Metal1,14.1690,25.8610,1.199990
FILLER_2_7,VDD,Metal1,10.8090,25.8610,1.199990
FILLER_2_0,VDD,Metal1,7.4490,25.8610,1.199990
FILLER_1_303,VDD,Metal1,151.6800,18.9000,1.199868
FILLER_1_299,VDD,Metal1,150.2510,19.4960,1.199869
FILLER_1_292,VDD,Metal1,147.6090,19.4980,1.199880
FILLER_1_285,VDD,Metal1,144.2490,19.4980,1.199882
FILLER_1_278,VDD,Metal1,140.8890,19.4980,1.199883
FILLER_1_271,VDD,Metal1,137.5290,19.4980,1.199885
FILLER_1_264,VDD,Metal1,134.1690,19.4980,1.199886
FILLER_1_225,VDD,Metal1,114.2400,18.9000,1.199935
FILLER_1_218,VDD,Metal1,112.0890,19.4980,1.199975
FILLER_1_181,VDD,Metal1,92.8800,18.9000,1.199966
FILLER_1_153,VDD,Metal1,79.4400,18.9000,1.199960
FILLER_1_80,VDD,Metal1,44.4000,18.9000,1.199932
FILLER_1_39,VDD,Metal1,26.1690,19.4980,1.199942
FILLER_1_32,VDD,Metal1,22.8090,19.4980,1.199977
FILLER_1_25,VDD,Metal1,19.4490,19.4980,1.199993
FILLER_1_18,VDD,Metal1,16.0890,19.4980,1.199992
FILLER_1_11,VDD,Metal1,12.7290,19.4980,1.199990
FILLER_1_4,VDD,Metal1,9.3690,19.4980,1.199990
FILLER_0_303,VDD,Metal1,151.6800,18.9000,1.199868
FILLER_0_295,VDD,Metal1,148.3310,18.3030,1.199880
FILLER_0_288,VDD,Metal1,145.6890,18.3010,1.199882
FILLER_0_281,VDD,Metal1,142.3290,18.3010,1.199883
FILLER_0_274,VDD,Metal1,138.9690,18.3010,1.199885
FILLER_0_267,VDD,Metal1,135.6090,18.3010,1.199886
FILLER_0_256,VDD,Metal1,130.3290,18.3010,1.199887
FILLER_0_249,VDD,Metal1,126.9690,18.3010,1.199887
FILLER_0_242,VDD,Metal1,123.6090,18.3010,1.199887
FILLER_0_238,VDD,Metal1,120.2400,18.9000,1.199887
FILLER_0_231,VDD,Metal1,118.3290,18.3010,1.199908
FILLER_0_225,VDD,Metal1,114.2400,18.9000,1.199935
FILLER_0_221,VDD,Metal1,112.8110,18.3030,1.199975
FILLER_0_214,VDD,Metal1,110.1690,18.3010,1.199980
FILLER_0_207,VDD,Metal1,106.8090,18.3010,1.199980
FILLER_0_200,VDD,Metal1,103.4490,18.3010,1.199980
FILLER_0_189,VDD,Metal1,96.9600,18.9000,1.199985
FILLER_0_182,VDD,Metal1,94.8090,18.3010,1.199986
FILLER_0_123,VDD,Metal1,65.2800,18.9000,1.199934
FILLER_0_110,VDD,Metal1,59.5310,18.3030,1.199934
FILLER_0_79,VDD,Metal1,43.9200,18.9000,1.199932
FILLER_0_77,VDD,Metal1,43.2000,18.9000,1.199932
FILLER_0_36,VDD,Metal1,23.5200,18.9000,1.199977
FILLER_0_29,VDD,Metal1,21.3690,18.3010,1.199977
FILLER_0_22,VDD,Metal1,18.0090,18.3010,1.199993
FILLER_0_15,VDD,Metal1,14.6490,18.3010,1.199992
FILLER_0_4,VDD,Metal1,9.3690,18.3010,1.199990
hold51,VDD,Metal1,90.0430,33.7040,1.199918
hold50,VDD,Metal1,56.4430,18.5840,1.199933
hold49,VDD,Metal1,74.5960,19.2150,1.199950
hold48,VDD,Metal1,67.0030,26.1440,1.199848
hold47,VDD,Metal1,62.6830,18.5840,1.199933
hold46,VDD,Metal1,67.9630,18.5840,1.199933
hold45,VDD,Metal1,74.1160,18.5840,1.199950
hold44,VDD,Metal1,85.2430,26.1440,1.199971
clkbuf_1_1__f_fclk_in_regs,VDD,Metal1,93.8400,25.9520,1.199971
clkbuf_1_0__f_fclk_in_regs,VDD,Metal1,57.8400,26.9670,1.199848
clkbuf_0_fclk_in_regs,VDD,Metal1,76.0800,25.9520,1.199971
clkbuf_1_0__f_fclk_in,VDD,Metal1,36.7200,26.9670,1.199945
clkbuf_0_fclk_in,VDD,Metal1,36.7200,18.3920,1.199932
clkbuf_regs_0_fclk_in,VDD,Metal1,76.0800,33.5120,1.199918
fanout43,VDD,Metal1,117.6300,64.0920,1.199978
fanout42,VDD,Metal1,127.2300,26.2920,1.199963
fanout41,VDD,Metal1,86.9100,41.4120,1.199994
fanout40,VDD,Metal1,48.5100,26.2920,1.199918
fanout39,VDD,Metal1,61.4700,33.8520,1.199918
fanout38,VDD,Metal1,117.5700,49.3070,1.199983
fanout37,VDD,Metal1,100.8300,18.7320,1.199980
fanout36,VDD,Metal1,63.3300,33.8520,1.199918
fanout35,VDD,Metal1,59.0700,34.1870,1.199918
fanout34,VDD,Metal1,45.6300,19.0670,1.199931
fanout33,VDD,Metal1,96.5100,34.1870,1.199991
fanout32,VDD,Metal1,96.0300,26.6270,1.199971
fanout31,VDD,Metal1,78.2700,41.4120,1.199967
output30,VDD,Metal1,83.0700,33.8520,1.199918
output29,VDD,Metal1,132.9900,18.7320,1.199885
output28,VDD,Metal1,24.9300,18.7320,1.199942
output27,VDD,Metal1,148.3500,64.0920,1.199959
output26,VDD,Metal1,126.6900,64.0920,1.199970
output25,VDD,Metal1,109.9500,64.0920,1.199988
output24,VDD,Metal1,90.7500,64.0920,1.199996
output23,VDD,Metal1,71.5500,64.0920,1.199991
output22,VDD,Metal1,51.3900,64.0920,1.199991
output21,VDD,Metal1,33.1500,64.0920,1.199995
output20,VDD,Metal1,13.9500,64.0920,1.199996
output19,VDD,Metal1,151.1700,64.0920,1.199957
output18,VDD,Metal1,153.0900,64.0920,1.199956
output17,VDD,Metal1,153.0900,49.3070,1.199982
output16,VDD,Metal1,153.0900,41.7470,1.199974
output15,VDD,Metal1,153.0900,33.8520,1.199984
output14,VDD,Metal1,153.0900,19.0670,1.199866
output13,VDD,Metal1,153.0900,18.7320,1.199866
output12,VDD,Metal1,8.6700,64.0920,1.199994
output11,VDD,Metal1,6.7500,64.0920,1.199994
output10,VDD,Metal1,6.7500,49.3070,1.199995
output9,VDD,Metal1,6.7500,41.7470,1.199996
output8,VDD,Metal1,6.7500,33.8520,1.199994
output7,VDD,Metal1,6.7500,19.0670,1.199989
output6,VDD,Metal1,6.7500,18.7320,1.199989
input5,VDD,Metal1,71.0700,18.7320,1.199934
input4,VDD,Metal1,115.6500,18.7320,1.199929
input3,VDD,Metal1,11.9700,18.7320,1.199990
input2,VDD,Metal1,150.2700,18.7320,1.199869
input1,VDD,Metal1,46.5300,26.2920,1.199941
_240_,VDD,Metal1,30.2700,19.0670,1.199937
_239_,VDD,Metal1,82.8220,18.4180,1.199960
_238_,VDD,Metal1,86.1820,19.3810,1.199960
_237_,VDD,Metal1,66.0220,19.3810,1.199934
_236_,VDD,Metal1,58.3420,25.9780,1.199848
_235_,VDD,Metal1,53.0620,19.3810,1.199933
_234_,VDD,Metal1,84.7420,26.9410,1.199971
_233_,VDD,Metal1,66.5020,34.5010,1.199918
_232_,VDD,Metal1,59.7820,42.0610,1.199960
_231_,VDD,Metal1,87.6220,42.0610,1.199994
_230_,VDD,Metal1,85.7020,34.5010,1.199918
_229_,VDD,Metal1,94.8220,57.1810,1.199992
_228_,VDD,Metal1,81.3820,57.1810,1.199987
_227_,VDD,Metal1,46.3420,49.6210,1.199963
_226_,VDD,Metal1,49.2220,41.0980,1.199960
_225_,VDD,Metal1,45.8620,33.5380,1.199920
_224_,VDD,Metal1,37.7020,25.9780,1.199945
_223_,VDD,Metal1,37.7020,19.3810,1.199932
_222_,VDD,Metal1,138.0220,57.1810,1.199984
_221_,VDD,Metal1,116.4220,57.1810,1.199989
_220_,VDD,Metal1,104.4220,56.2180,1.199990
_219_,VDD,Metal1,102.5020,48.6580,1.199992
_218_,VDD,Metal1,68.4220,57.1810,1.199985
_217_,VDD,Metal1,46.8220,56.2180,1.199986
_216_,VDD,Metal1,37.2220,48.6580,1.199963
_215_,VDD,Metal1,55.4620,57.1810,1.199986
_214_,VDD,Metal1,138.0220,56.2180,1.199984
_213_,VDD,Metal1,121.7020,56.2180,1.199988
_212_,VDD,Metal1,121.7020,48.6580,1.199983
_211_,VDD,Metal1,107.7820,41.0980,1.199979
_210_,VDD,Metal1,103.4620,33.5380,1.199990
_209_,VDD,Metal1,126.0220,19.3810,1.199887
_208_,VDD,Metal1,103.9420,19.3810,1.199980
_207_,VDD,Metal1,92.2700,18.5680,1.199966
_206_,VDD,Metal1,77.3900,26.7910,1.199971
_205_,VDD,Metal1,57.4900,34.3510,1.199918
_204_,VDD,Metal1,50.9900,26.7910,1.199909
_203_,VDD,Metal1,50.2900,26.1280,1.199911
_202_,VDD,Metal1,73.5500,34.3510,1.199918
_201_,VDD,Metal1,61.0700,41.2480,1.199960
_200_,VDD,Metal1,54.3500,48.8080,1.199963
_199_,VDD,Metal1,80.5300,41.9110,1.199992
_198_,VDD,Metal1,84.5900,33.6880,1.199918
_197_,VDD,Metal1,92.0500,56.3680,1.199992
_196_,VDD,Metal1,76.9100,63.9280,1.199993
_195_,VDD,Metal1,39.2500,49.4710,1.199963
_194_,VDD,Metal1,41.8700,41.2480,1.199960
_193_,VDD,Metal1,38.5100,33.6880,1.199957
_192_,VDD,Metal1,30.3500,26.1280,1.199956
_191_,VDD,Metal1,28.6900,19.2310,1.199941
_190_,VDD,Metal1,133.0700,63.9280,1.199964
_189_,VDD,Metal1,111.7300,56.3680,1.199989
_188_,VDD,Metal1,97.0700,56.3680,1.199991
_187_,VDD,Metal1,95.1500,48.8080,1.199994
_186_,VDD,Metal1,63.4700,63.9280,1.199991
_185_,VDD,Metal1,41.8700,57.0310,1.199986
_184_,VDD,Metal1,29.8700,48.8080,1.199984
_183_,VDD,Metal1,53.8700,56.3680,1.199986
_182_,VDD,Metal1,130.6700,56.3680,1.199987
_181_,VDD,Metal1,114.3500,56.3680,1.199989
_180_,VDD,Metal1,116.7500,41.9110,1.199979
_179_,VDD,Metal1,103.3100,34.3510,1.199990
_178_,VDD,Metal1,98.5100,26.7910,1.199971
_177_,VDD,Metal1,121.0700,18.5680,1.199887
_176_,VDD,Metal1,96.3770,19.0650,1.199986
_175_,VDD,Metal1,94.2950,19.2350,1.199986
_174_,VDD,Metal1,117.1310,19.2760,1.199908
_173_,VDD,Metal1,94.5710,33.6430,1.199992
_172_,VDD,Metal1,99.9420,41.4150,1.199993
_171_,VDD,Metal1,98.1350,41.2450,1.199993
_170_,VDD,Metal1,112.8110,48.7630,1.199985
_169_,VDD,Metal1,112.8110,49.5160,1.199985
_168_,VDD,Metal1,130.0910,63.8830,1.199966
_167_,VDD,Metal1,54.7080,63.8830,1.199990
_166_,VDD,Metal1,33.4970,41.7450,1.199988
_165_,VDD,Metal1,33.8150,49.4750,1.199963
_164_,VDD,Metal1,46.5480,57.0760,1.199986
_163_,VDD,Metal1,64.7880,56.3230,1.199984
_162_,VDD,Metal1,97.3370,41.7450,1.199993
_161_,VDD,Metal1,94.8250,41.9150,1.199995
_160_,VDD,Metal1,102.7080,49.5160,1.199992
_159_,VDD,Metal1,107.5310,57.0760,1.199990
_158_,VDD,Metal1,129.1310,57.0760,1.199987
_157_,VDD,Metal1,28.3310,18.5230,1.199941
_156_,VDD,Metal1,33.5880,33.6430,1.199978
_155_,VDD,Metal1,79.8950,48.8050,1.199981
_154_,VDD,Metal1,45.1080,26.8360,1.199941
_153_,VDD,Metal1,73.3320,41.9180,1.199964
_152_,VDD,Metal1,47.0280,34.3960,1.199920
_151_,VDD,Metal1,49.8170,48.9750,1.199963
_150_,VDD,Metal1,53.5450,49.4750,1.199963
_149_,VDD,Metal1,69.9720,48.8010,1.199965
_148_,VDD,Metal1,77.4230,56.3430,1.199987
_147_,VDD,Metal1,80.0160,56.3430,1.199987
_146_,VDD,Metal1,78.0250,49.4750,1.199976
_145_,VDD,Metal1,75.7320,49.4780,1.199971
_144_,VDD,Metal1,89.9030,56.3430,1.199992
_143_,VDD,Metal1,89.4230,49.4960,1.199990
_142_,VDD,Metal1,86.7720,49.4780,1.199988
_141_,VDD,Metal1,100.9500,26.1800,1.199964
_140_,VDD,Metal1,98.5500,18.6480,1.199980
_139_,VDD,Metal1,67.5720,48.8010,1.199964
_138_,VDD,Metal1,87.5100,56.4480,1.199989
_137_,VDD,Metal1,73.3320,49.4780,1.199967
_136_,VDD,Metal1,77.4230,34.3760,1.199918
_135_,VDD,Metal1,75.3600,34.5130,1.199918
_134_,VDD,Metal1,77.4810,41.9790,1.199967
_133_,VDD,Metal1,74.9820,48.9750,1.199971
_132_,VDD,Metal1,72.6300,48.8600,1.199967
_131_,VDD,Metal1,77.6100,48.8600,1.199976
_130_,VDD,Metal1,52.1700,41.8600,1.199960
_129_,VDD,Metal1,69.1210,42.0000,1.199963
_128_,VDD,Metal1,68.7830,33.6630,1.199918
_127_,VDD,Metal1,68.0520,41.2410,1.199963
_126_,VDD,Metal1,66.0380,33.6200,1.199918
_125_,VDD,Metal1,67.6800,26.9530,1.199848
_124_,VDD,Metal1,66.4550,41.2450,1.199962
_123_,VDD,Metal1,70.9150,41.2750,1.199963
_122_,VDD,Metal1,72.7450,41.2450,1.199964
_121_,VDD,Metal1,72.7860,26.8470,1.199971
_120_,VDD,Metal1,71.5200,42.0730,1.199963
_119_,VDD,Metal1,78.0900,19.1510,1.199960
_118_,VDD,Metal1,90.3830,18.5430,1.199960
_117_,VDD,Metal1,70.1870,26.7980,1.199971
_116_,VDD,Metal1,48.7180,18.5660,1.199933
_115_,VDD,Metal1,54.6900,33.6860,1.199919
_114_,VDD,Metal1,57.3980,33.6200,1.199918
_113_,VDD,Metal1,52.2830,18.5000,1.199933
_112_,VDD,Metal1,75.3900,26.7930,1.199971
_111_,VDD,Metal1,65.2720,26.8510,1.199848
_110_,VDD,Metal1,45.1730,18.5330,1.199931
_109_,VDD,Metal1,103.0900,26.1280,1.199964
_108_,VDD,Metal1,75.4700,56.3680,1.199987
_107_,VDD,Metal1,88.9100,63.9280,1.199994
_106_,VDD,Metal1,70.4500,49.4710,1.199965
_105_,VDD,Metal1,59.8900,33.6880,1.199918
_104_,VDD,Metal1,87.2500,33.6880,1.199917
